timestamp,load_kw
2026-07-12T22:00:00Z,11202.8
2026-07-12T23:00:00Z,10954.7
2026-07-13T00:00:00Z,11613.3
2026-07-13T01:00:00Z,11205.7
2026-07-13T02:00:00Z,11205.8
2026-07-13T03:00:00Z,11027.7
2026-07-13T04:00:00Z,11056.6
2026-07-13T05:00:00Z,11094.7
2026-07-13T06:00:00Z,11065.1
2026-07-13T07:00:00Z,10924.4
2026-07-13T08:00:00Z,11156.7
2026-07-13T09:00:00Z,11153.4
2026-07-13T10:00:00Z,11068.7
2026-07-13T11:00:00Z,10989.5
2026-07-13T12:00:00Z,10991.7
2026-07-13T13:00:00Z,10999.6
2026-07-13T14:00:00Z,11259.8
2026-07-13T15:00:00Z,11171.7
2026-07-13T16:00:00Z,11410.7
2026-07-13T17:00:00Z,11106.1
2026-07-13T18:00:00Z,11400.6
2026-07-13T19:00:00Z,11270.8
2026-07-13T20:00:00Z,11151.5
2026-07-13T21:00:00Z,11422.9
2026-07-13T22:00:00Z,11237.1
2026-07-13T23:00:00Z,11323.3
2026-07-14T00:00:00Z,11346.4
2026-07-14T01:00:00Z,11208.0
2026-07-14T02:00:00Z,11002.3
2026-07-14T03:00:00Z,11098.6
2026-07-14T04:00:00Z,11226.9
2026-07-14T05:00:00Z,10921.9
2026-07-14T06:00:00Z,11128.2
2026-07-14T07:00:00Z,10998.9
2026-07-14T08:00:00Z,10959.4
2026-07-14T09:00:00Z,10964.0
2026-07-14T10:00:00Z,10895.4
2026-07-14T11:00:00Z,11071.3
2026-07-14T12:00:00Z,11218.2
2026-07-14T13:00:00Z,10825.2
2026-07-14T14:00:00Z,11138.0
2026-07-14T15:00:00Z,11272.2
2026-07-14T16:00:00Z,11182.3
2026-07-14T17:00:00Z,11398.6
2026-07-14T18:00:00Z,11124.1
2026-07-14T19:00:00Z,11391.9
2026-07-14T20:00:00Z,11396.3
2026-07-14T21:00:00Z,11302.3
2026-07-14T22:00:00Z,11074.8
2026-07-14T23:00:00Z,11493.5
2026-07-15T00:00:00Z,11102.3
2026-07-15T01:00:00Z,11206.7
2026-07-15T02:00:00Z,10912.1
2026-07-15T03:00:00Z,10935.2
2026-07-15T04:00:00Z,11111.5
2026-07-15T05:00:00Z,10782.0
2026-07-15T06:00:00Z,11105.2
2026-07-15T07:00:00Z,11341.7
2026-07-15T08:00:00Z,10788.8
2026-07-15T09:00:00Z,11008.8
2026-07-15T10:00:00Z,11236.3
2026-07-15T11:00:00Z,11051.1
2026-07-15T12:00:00Z,11291.5
2026-07-15T13:00:00Z,11206.2
2026-07-15T14:00:00Z,10904.4
2026-07-15T15:00:00Z,10766.8
2026-07-15T16:00:00Z,11201.8
2026-07-15T17:00:00Z,11422.2
2026-07-15T18:00:00Z,11111.5
2026-07-15T19:00:00Z,11478.4
2026-07-15T20:00:00Z,10961.4
2026-07-15T21:00:00Z,11342.9
2026-07-15T22:00:00Z,11168.1
2026-07-15T23:00:00Z,11152.2
2026-07-16T00:00:00Z,11078.3
2026-07-16T01:00:00Z,10992.4
2026-07-16T02:00:00Z,11065.8
2026-07-16T03:00:00Z,10858.8
2026-07-16T04:00:00Z,11202.6
2026-07-16T05:00:00Z,10816.7
2026-07-16T06:00:00Z,11129.4
2026-07-16T07:00:00Z,10836.9
2026-07-16T08:00:00Z,10801.3
2026-07-16T09:00:00Z,11170.9
2026-07-16T10:00:00Z,11147.5
2026-07-16T11:00:00Z,11125.7
2026-07-16T12:00:00Z,11462.7
2026-07-16T13:00:00Z,11040.8
2026-07-16T14:00:00Z,11374.1
2026-07-16T15:00:00Z,11290.8
2026-07-16T16:00:00Z,11559.5
2026-07-16T17:00:00Z,11070.8
2026-07-16T18:00:00Z,11202.3
2026-07-16T19:00:00Z,11169.5
2026-07-16T20:00:00Z,11093.5
2026-07-16T21:00:00Z,10961.4
2026-07-16T22:00:00Z,11164.4
2026-07-16T23:00:00Z,11126.6
2026-07-17T00:00:00Z,10981.5
2026-07-17T01:00:00Z,11072.3
2026-07-17T02:00:00Z,10777.8
2026-07-17T03:00:00Z,11314.4
2026-07-17T04:00:00Z,11132.2
2026-07-17T05:00:00Z,11065.7
2026-07-17T06:00:00Z,11153.8
2026-07-17T07:00:00Z,10967.7
2026-07-17T08:00:00Z,10924.5
2026-07-17T09:00:00Z,10961.3
2026-07-17T10:00:00Z,10950.4
2026-07-17T11:00:00Z,11033.9
2026-07-17T12:00:00Z,11335.0
2026-07-17T13:00:00Z,11089.5
2026-07-17T14:00:00Z,11454.4
2026-07-17T15:00:00Z,11305.9
2026-07-17T16:00:00Z,11590.5
2026-07-17T17:00:00Z,11168.9
2026-07-17T18:00:00Z,11138.4
2026-07-17T19:00:00Z,11150.3
2026-07-17T20:00:00Z,10861.4
2026-07-17T21:00:00Z,11365.7
2026-07-17T22:00:00Z,11038.7
2026-07-17T23:00:00Z,10950.3
2026-07-18T00:00:00Z,10914.8
2026-07-18T01:00:00Z,11035.3
2026-07-18T02:00:00Z,10677.9
2026-07-18T03:00:00Z,10875.9
2026-07-18T04:00:00Z,10859.6
2026-07-18T05:00:00Z,4423.5
2026-07-18T06:00:00Z,4543.2
2026-07-18T07:00:00Z,4368.5
2026-07-18T08:00:00Z,4157.2
2026-07-18T09:00:00Z,4411.5
2026-07-18T10:00:00Z,4294.1
2026-07-18T11:00:00Z,10883.0
2026-07-18T12:00:00Z,10718.5
2026-07-18T13:00:00Z,10881.5
2026-07-18T14:00:00Z,10951.8
2026-07-18T15:00:00Z,10933.9
2026-07-18T16:00:00Z,11095.5
2026-07-18T17:00:00Z,11345.8
2026-07-18T18:00:00Z,11015.7
2026-07-18T19:00:00Z,10858.8
2026-07-18T20:00:00Z,10953.9
2026-07-18T21:00:00Z,11189.3
2026-07-18T22:00:00Z,10978.0
2026-07-18T23:00:00Z,11113.5
2026-07-19T00:00:00Z,10939.3
2026-07-19T01:00:00Z,11050.1
2026-07-19T02:00:00Z,10769.7
2026-07-19T03:00:00Z,11053.4
2026-07-19T04:00:00Z,10842.9
2026-07-19T05:00:00Z,10896.4
2026-07-19T06:00:00Z,11036.0
2026-07-19T07:00:00Z,10398.2
2026-07-19T08:00:00Z,11051.2
2026-07-19T09:00:00Z,11254.4
2026-07-19T10:00:00Z,10807.6
2026-07-19T11:00:00Z,10776.7
2026-07-19T12:00:00Z,10871.9
2026-07-19T13:00:00Z,11057.7
2026-07-19T14:00:00Z,10944.6
2026-07-19T15:00:00Z,10770.6
2026-07-19T16:00:00Z,10824.3
2026-07-19T17:00:00Z,10714.8
2026-07-19T18:00:00Z,10890.3
2026-07-19T19:00:00Z,10840.2
2026-07-19T20:00:00Z,10700.3
2026-07-19T21:00:00Z,11038.7
2026-07-19T22:00:00Z,11180.9
2026-07-19T23:00:00Z,11267.2
2026-07-20T00:00:00Z,10760.3
2026-07-20T01:00:00Z,11267.9
2026-07-20T02:00:00Z,11351.6
2026-07-20T03:00:00Z,10966.3
2026-07-20T04:00:00Z,10772.8
2026-07-20T05:00:00Z,10653.7
2026-07-20T06:00:00Z,11178.5
2026-07-20T07:00:00Z,10993.1
2026-07-20T08:00:00Z,11095.7
2026-07-20T09:00:00Z,11008.9
2026-07-20T10:00:00Z,10764.4
2026-07-20T11:00:00Z,10996.1
2026-07-20T12:00:00Z,11110.5
2026-07-20T13:00:00Z,10998.8
2026-07-20T14:00:00Z,11233.0
2026-07-20T15:00:00Z,11074.0
2026-07-20T16:00:00Z,11391.5
2026-07-20T17:00:00Z,10878.0
2026-07-20T18:00:00Z,11320.1
2026-07-20T19:00:00Z,11240.5
2026-07-20T20:00:00Z,11391.4
2026-07-20T21:00:00Z,11452.8
2026-07-20T22:00:00Z,11296.6
2026-07-20T23:00:00Z,11209.2
2026-07-21T00:00:00Z,11022.9
2026-07-21T01:00:00Z,11294.1
2026-07-21T02:00:00Z,11088.6
2026-07-21T03:00:00Z,11124.1
2026-07-21T04:00:00Z,11017.9
2026-07-21T05:00:00Z,11054.8
2026-07-21T06:00:00Z,10901.5
2026-07-21T07:00:00Z,11488.6
2026-07-21T08:00:00Z,11074.4
2026-07-21T09:00:00Z,10988.3
2026-07-21T10:00:00Z,11008.1
2026-07-21T11:00:00Z,11178.5
2026-07-21T12:00:00Z,11066.0
2026-07-21T13:00:00Z,11313.8
2026-07-21T14:00:00Z,11216.4
2026-07-21T15:00:00Z,11284.5
2026-07-21T16:00:00Z,11453.9
2026-07-21T17:00:00Z,11323.8
2026-07-21T18:00:00Z,11343.5
2026-07-21T19:00:00Z,11365.4
2026-07-21T20:00:00Z,11503.2
2026-07-21T21:00:00Z,11219.4
2026-07-21T22:00:00Z,11431.1
2026-07-21T23:00:00Z,11315.9
2026-07-22T00:00:00Z,11239.5
2026-07-22T01:00:00Z,10900.4
2026-07-22T02:00:00Z,11123.9
2026-07-22T03:00:00Z,10815.8
2026-07-22T04:00:00Z,4438.2
2026-07-22T05:00:00Z,4482.8
2026-07-22T06:00:00Z,4439.5
2026-07-22T07:00:00Z,4291.0
2026-07-22T08:00:00Z,4708.2
2026-07-22T09:00:00Z,4522.3
2026-07-22T10:00:00Z,11326.7
2026-07-22T11:00:00Z,11115.6
2026-07-22T12:00:00Z,10820.5
2026-07-22T13:00:00Z,11432.2
2026-07-22T14:00:00Z,11377.9
2026-07-22T15:00:00Z,11531.5
2026-07-22T16:00:00Z,11190.8
2026-07-22T17:00:00Z,10887.3
2026-07-22T18:00:00Z,11288.0
2026-07-22T19:00:00Z,11063.5
2026-07-22T20:00:00Z,11085.7
2026-07-22T21:00:00Z,11029.0
2026-07-22T22:00:00Z,10982.6
2026-07-22T23:00:00Z,11354.4
2026-07-23T00:00:00Z,10938.9
2026-07-23T01:00:00Z,10696.9
2026-07-23T02:00:00Z,11397.0
2026-07-23T03:00:00Z,10907.6
2026-07-23T04:00:00Z,10823.5
2026-07-23T05:00:00Z,11174.9
2026-07-23T06:00:00Z,11060.5
2026-07-23T07:00:00Z,10721.5
2026-07-23T08:00:00Z,11205.6
2026-07-23T09:00:00Z,11201.8
2026-07-23T10:00:00Z,11144.9
2026-07-23T11:00:00Z,10777.4
2026-07-23T12:00:00Z,11131.4
2026-07-23T13:00:00Z,10825.6
2026-07-23T14:00:00Z,11228.5
2026-07-23T15:00:00Z,11325.8
2026-07-23T16:00:00Z,11394.6
2026-07-23T17:00:00Z,11093.7
2026-07-23T18:00:00Z,11508.4
2026-07-23T19:00:00Z,11220.8
2026-07-23T20:00:00Z,11184.5
2026-07-23T21:00:00Z,11083.5
2026-07-23T22:00:00Z,11279.3
2026-07-23T23:00:00Z,11273.8
2026-07-24T00:00:00Z,11126.8
2026-07-24T01:00:00Z,10972.2
2026-07-24T02:00:00Z,11317.4
2026-07-24T03:00:00Z,11102.9
2026-07-24T04:00:00Z,11189.1
2026-07-24T05:00:00Z,11130.0
2026-07-24T06:00:00Z,11044.5
2026-07-24T07:00:00Z,10904.6
2026-07-24T08:00:00Z,10933.2
2026-07-24T09:00:00Z,10993.3
2026-07-24T10:00:00Z,10627.5
2026-07-24T11:00:00Z,10991.2
2026-07-24T12:00:00Z,11303.3
2026-07-24T13:00:00Z,11188.0
2026-07-24T14:00:00Z,10944.3
2026-07-24T15:00:00Z,11301.3
2026-07-24T16:00:00Z,11170.0
2026-07-24T17:00:00Z,11445.6
2026-07-24T18:00:00Z,11219.8
2026-07-24T19:00:00Z,11101.4
2026-07-24T20:00:00Z,11269.6
2026-07-24T21:00:00Z,11171.1
2026-07-24T22:00:00Z,11062.0
2026-07-24T23:00:00Z,10812.1
2026-07-25T00:00:00Z,11115.7
2026-07-25T01:00:00Z,10810.1
2026-07-25T02:00:00Z,10603.8
2026-07-25T03:00:00Z,10696.8
2026-07-25T04:00:00Z,10713.5
2026-07-25T05:00:00Z,10936.5
2026-07-25T06:00:00Z,10851.3
2026-07-25T07:00:00Z,10770.4
2026-07-25T08:00:00Z,10945.3
2026-07-25T09:00:00Z,10879.3
2026-07-25T10:00:00Z,11005.3
2026-07-25T11:00:00Z,10798.6
2026-07-25T12:00:00Z,11161.4
2026-07-25T13:00:00Z,10581.4
2026-07-25T14:00:00Z,10719.7
2026-07-25T15:00:00Z,10988.1
2026-07-25T16:00:00Z,11145.8
2026-07-25T17:00:00Z,11275.2
2026-07-25T18:00:00Z,11062.9
2026-07-25T19:00:00Z,11031.4
2026-07-25T20:00:00Z,11073.8
2026-07-25T21:00:00Z,11028.6
2026-07-25T22:00:00Z,10957.9
2026-07-25T23:00:00Z,10712.1
2026-07-26T00:00:00Z,10753.2
2026-07-26T01:00:00Z,10863.9
2026-07-26T02:00:00Z,10574.1
2026-07-26T03:00:00Z,10802.4
2026-07-26T04:00:00Z,10971.0
2026-07-26T05:00:00Z,10718.7
2026-07-26T06:00:00Z,10590.6
2026-07-26T07:00:00Z,10520.7
2026-07-26T08:00:00Z,10650.8
2026-07-26T09:00:00Z,10825.6
2026-07-26T10:00:00Z,10987.3
2026-07-26T11:00:00Z,10842.9
2026-07-26T12:00:00Z,10971.3
2026-07-26T13:00:00Z,11018.8
2026-07-26T14:00:00Z,10908.6
2026-07-26T15:00:00Z,10845.8
2026-07-26T16:00:00Z,11246.6
2026-07-26T17:00:00Z,11118.1
2026-07-26T18:00:00Z,11259.0
2026-07-26T19:00:00Z,10921.9
2026-07-26T20:00:00Z,10933.7
2026-07-26T21:00:00Z,11016.3
2026-07-26T22:00:00Z,11127.1
2026-07-26T23:00:00Z,10962.6
2026-07-27T00:00:00Z,11010.5
2026-07-27T01:00:00Z,10883.0
2026-07-27T02:00:00Z,11031.1
2026-07-27T03:00:00Z,10693.6
2026-07-27T04:00:00Z,11123.2
2026-07-27T05:00:00Z,11144.9
2026-07-27T06:00:00Z,10671.8
2026-07-27T07:00:00Z,10939.4
2026-07-27T08:00:00Z,11032.9
2026-07-27T09:00:00Z,10832.3
2026-07-27T10:00:00Z,11069.8
2026-07-27T11:00:00Z,11179.9
2026-07-27T12:00:00Z,11029.7
2026-07-27T13:00:00Z,11315.6
2026-07-27T14:00:00Z,11218.6
2026-07-27T15:00:00Z,11003.1
2026-07-27T16:00:00Z,11079.3
2026-07-27T17:00:00Z,11479.0
2026-07-27T18:00:00Z,11507.3
2026-07-27T19:00:00Z,11301.3
2026-07-27T20:00:00Z,11483.9
2026-07-27T21:00:00Z,10989.5
2026-07-27T22:00:00Z,11501.9
2026-07-27T23:00:00Z,11481.9
2026-07-28T00:00:00Z,11091.6
2026-07-28T01:00:00Z,11091.9
2026-07-28T02:00:00Z,10893.9
2026-07-28T03:00:00Z,11574.2
2026-07-28T04:00:00Z,11045.6
2026-07-28T05:00:00Z,10980.1
2026-07-28T06:00:00Z,10885.9
2026-07-28T07:00:00Z,10930.9
2026-07-28T08:00:00Z,10941.2
2026-07-28T09:00:00Z,11241.3
2026-07-28T10:00:00Z,11198.3
2026-07-28T11:00:00Z,10973.8
2026-07-28T12:00:00Z,11180.0
2026-07-28T13:00:00Z,11037.9
2026-07-28T14:00:00Z,11234.3
2026-07-28T15:00:00Z,10734.5
2026-07-28T16:00:00Z,11568.5
2026-07-28T17:00:00Z,11322.4
2026-07-28T18:00:00Z,11109.2
2026-07-28T19:00:00Z,11437.0
2026-07-28T20:00:00Z,11270.4
2026-07-28T21:00:00Z,11176.0
2026-07-28T22:00:00Z,11522.9
2026-07-28T23:00:00Z,11238.3
2026-07-29T00:00:00Z,11283.2
2026-07-29T01:00:00Z,11357.8
2026-07-29T02:00:00Z,11168.4
2026-07-29T03:00:00Z,11063.6
2026-07-29T04:00:00Z,11019.6
2026-07-29T05:00:00Z,10844.0
2026-07-29T06:00:00Z,11172.0
2026-07-29T07:00:00Z,10712.0
2026-07-29T08:00:00Z,11179.4
2026-07-29T09:00:00Z,11257.8
2026-07-29T10:00:00Z,11212.7
2026-07-29T11:00:00Z,11120.5
2026-07-29T12:00:00Z,11000.6
2026-07-29T13:00:00Z,11258.3
2026-07-29T14:00:00Z,11441.4
2026-07-29T15:00:00Z,11348.3
2026-07-29T16:00:00Z,11414.0
2026-07-29T17:00:00Z,11143.1
2026-07-29T18:00:00Z,11165.3
2026-07-29T19:00:00Z,11363.6
2026-07-29T20:00:00Z,10891.0
2026-07-29T21:00:00Z,11111.4
2026-07-29T22:00:00Z,10934.1
2026-07-29T23:00:00Z,10878.0
2026-07-30T00:00:00Z,11256.9
2026-07-30T01:00:00Z,11283.0
2026-07-30T02:00:00Z,11120.3
2026-07-30T03:00:00Z,11009.6
2026-07-30T04:00:00Z,10851.6
2026-07-30T05:00:00Z,11029.2
2026-07-30T06:00:00Z,10900.6
2026-07-30T07:00:00Z,11187.3
2026-07-30T08:00:00Z,10779.8
2026-07-30T09:00:00Z,10958.6
2026-07-30T10:00:00Z,11347.8
2026-07-30T11:00:00Z,10925.6
2026-07-30T12:00:00Z,11250.9
2026-07-30T13:00:00Z,11103.8
2026-07-30T14:00:00Z,10636.9
2026-07-30T15:00:00Z,11252.5
2026-07-30T16:00:00Z,11258.8
2026-07-30T17:00:00Z,11024.6
2026-07-30T18:00:00Z,11321.1
2026-07-30T19:00:00Z,11475.4
2026-07-30T20:00:00Z,11220.8
2026-07-30T21:00:00Z,11309.1
2026-07-30T22:00:00Z,11045.1
2026-07-30T23:00:00Z,11432.2
2026-07-31T00:00:00Z,11133.0
2026-07-31T01:00:00Z,11136.7
2026-07-31T02:00:00Z,10870.4
2026-07-31T03:00:00Z,10961.3
2026-07-31T04:00:00Z,11246.9
2026-07-31T05:00:00Z,11100.9
2026-07-31T06:00:00Z,10870.4
2026-07-31T07:00:00Z,10707.8
2026-07-31T08:00:00Z,10674.4
2026-07-31T09:00:00Z,11173.9
2026-07-31T10:00:00Z,10908.7
2026-07-31T11:00:00Z,11072.4
2026-07-31T12:00:00Z,11449.1
2026-07-31T13:00:00Z,10944.1
2026-07-31T14:00:00Z,11070.6
2026-07-31T15:00:00Z,11426.4
2026-07-31T16:00:00Z,11278.0
2026-07-31T17:00:00Z,11459.3
2026-07-31T18:00:00Z,11458.8
2026-07-31T19:00:00Z,11152.7
2026-07-31T20:00:00Z,11173.5
2026-07-31T21:00:00Z,11383.6
2026-07-31T22:00:00Z,10991.8
2026-07-31T23:00:00Z,10893.7
2026-08-01T00:00:00Z,11071.8
2026-08-01T01:00:00Z,10947.7
2026-08-01T02:00:00Z,10476.0
2026-08-01T03:00:00Z,11176.8
2026-08-01T04:00:00Z,11028.7
2026-08-01T05:00:00Z,10626.2
2026-08-01T06:00:00Z,10953.5
2026-08-01T07:00:00Z,10672.4
2026-08-01T08:00:00Z,10354.8
2026-08-01T09:00:00Z,10846.3
2026-08-01T10:00:00Z,10987.5
2026-08-01T11:00:00Z,11117.6
2026-08-01T12:00:00Z,10699.2
2026-08-01T13:00:00Z,11078.4
2026-08-01T14:00:00Z,10917.5
2026-08-01T15:00:00Z,11049.9
2026-08-01T16:00:00Z,10974.5
2026-08-01T17:00:00Z,11028.4
2026-08-01T18:00:00Z,10755.5
2026-08-01T19:00:00Z,11162.4
2026-08-01T20:00:00Z,10916.6
2026-08-01T21:00:00Z,11066.2
2026-08-01T22:00:00Z,10851.5
2026-08-01T23:00:00Z,11048.3
2026-08-02T00:00:00Z,11039.7
2026-08-02T01:00:00Z,10860.1
2026-08-02T02:00:00Z,10681.5
2026-08-02T03:00:00Z,10708.7
2026-08-02T04:00:00Z,10832.0
2026-08-02T05:00:00Z,10978.5
2026-08-02T06:00:00Z,10814.2
2026-08-02T07:00:00Z,10799.3
2026-08-02T08:00:00Z,10930.1
2026-08-02T09:00:00Z,10467.0
2026-08-02T10:00:00Z,10770.9
2026-08-02T11:00:00Z,10994.9
2026-08-02T12:00:00Z,10951.1
2026-08-02T13:00:00Z,10975.9
2026-08-02T14:00:00Z,11107.8
2026-08-02T15:00:00Z,10707.5
2026-08-02T16:00:00Z,11078.6
2026-08-02T17:00:00Z,11040.9
2026-08-02T18:00:00Z,10512.1
2026-08-02T19:00:00Z,11156.2
2026-08-02T20:00:00Z,10786.0
2026-08-02T21:00:00Z,10957.8
2026-08-02T22:00:00Z,11286.2
2026-08-02T23:00:00Z,11094.3
2026-08-03T00:00:00Z,11090.2
2026-08-03T01:00:00Z,11072.2
2026-08-03T02:00:00Z,10920.1
2026-08-03T03:00:00Z,10994.5
2026-08-03T04:00:00Z,10728.8
2026-08-03T05:00:00Z,11175.4
2026-08-03T06:00:00Z,10847.3
2026-08-03T07:00:00Z,10848.3
2026-08-03T08:00:00Z,11080.4
2026-08-03T09:00:00Z,11011.7
2026-08-03T10:00:00Z,10869.8
2026-08-03T11:00:00Z,10942.2
2026-08-03T12:00:00Z,11358.8
2026-08-03T13:00:00Z,11146.9
2026-08-03T14:00:00Z,11018.9
2026-08-03T15:00:00Z,11162.9
2026-08-03T16:00:00Z,11275.9
2026-08-03T17:00:00Z,11195.0
2026-08-03T18:00:00Z,4856.3
2026-08-03T19:00:00Z,4697.2
2026-08-03T20:00:00Z,5068.0
2026-08-03T21:00:00Z,5099.3
2026-08-03T22:00:00Z,4674.6
2026-08-03T23:00:00Z,4335.1
2026-08-04T00:00:00Z,10795.5
2026-08-04T01:00:00Z,10935.4
2026-08-04T02:00:00Z,11384.5
2026-08-04T03:00:00Z,11074.4
2026-08-04T04:00:00Z,11196.2
2026-08-04T05:00:00Z,11225.9
2026-08-04T06:00:00Z,11094.2
2026-08-04T07:00:00Z,11143.3
2026-08-04T08:00:00Z,11420.0
2026-08-04T09:00:00Z,10902.9
2026-08-04T10:00:00Z,11207.3
2026-08-04T11:00:00Z,11328.3
2026-08-04T12:00:00Z,11383.2
2026-08-04T13:00:00Z,11272.7
2026-08-04T14:00:00Z,11159.9
2026-08-04T15:00:00Z,11461.0
2026-08-04T16:00:00Z,11464.8
2026-08-04T17:00:00Z,10894.0
2026-08-04T18:00:00Z,10868.6
2026-08-04T19:00:00Z,11253.7
2026-08-04T20:00:00Z,11532.4
2026-08-04T21:00:00Z,11017.9
2026-08-04T22:00:00Z,11296.6
2026-08-04T23:00:00Z,11239.2
2026-08-05T00:00:00Z,11308.8
2026-08-05T01:00:00Z,10950.3
2026-08-05T02:00:00Z,10871.2
2026-08-05T03:00:00Z,10711.2
2026-08-05T04:00:00Z,10976.9
2026-08-05T05:00:00Z,11011.8
2026-08-05T06:00:00Z,10903.2
2026-08-05T07:00:00Z,11106.6
2026-08-05T08:00:00Z,11049.7
2026-08-05T09:00:00Z,11174.3
2026-08-05T10:00:00Z,10940.6
2026-08-05T11:00:00Z,11046.5
2026-08-05T12:00:00Z,11146.7
2026-08-05T13:00:00Z,10975.9
2026-08-05T14:00:00Z,10811.9
2026-08-05T15:00:00Z,11319.7
2026-08-05T16:00:00Z,11211.0
2026-08-05T17:00:00Z,11573.1
2026-08-05T18:00:00Z,11278.5
2026-08-05T19:00:00Z,11042.1
2026-08-05T20:00:00Z,11472.8
2026-08-05T21:00:00Z,11368.3
2026-08-05T22:00:00Z,11156.4
2026-08-05T23:00:00Z,11425.0
2026-08-06T00:00:00Z,11241.4
2026-08-06T01:00:00Z,11173.2
2026-08-06T02:00:00Z,11003.2
2026-08-06T03:00:00Z,10764.2
2026-08-06T04:00:00Z,11152.6
2026-08-06T05:00:00Z,11029.4
2026-08-06T06:00:00Z,11187.1
2026-08-06T07:00:00Z,11050.4
2026-08-06T08:00:00Z,11247.7
2026-08-06T09:00:00Z,11173.3
2026-08-06T10:00:00Z,11180.3
2026-08-06T11:00:00Z,11161.7
2026-08-06T12:00:00Z,11173.6
2026-08-06T13:00:00Z,10986.1
2026-08-06T14:00:00Z,10789.1
2026-08-06T15:00:00Z,11135.6
2026-08-06T16:00:00Z,11120.2
2026-08-06T17:00:00Z,11316.9
2026-08-06T18:00:00Z,11150.5
2026-08-06T19:00:00Z,11555.3
2026-08-06T20:00:00Z,11324.3
2026-08-06T21:00:00Z,11087.9
2026-08-06T22:00:00Z,11130.5
2026-08-06T23:00:00Z,11050.3
2026-08-07T00:00:00Z,11218.4
2026-08-07T01:00:00Z,11230.4
2026-08-07T02:00:00Z,11395.8
2026-08-07T03:00:00Z,10666.3
2026-08-07T04:00:00Z,11012.9
2026-08-07T05:00:00Z,10986.8
2026-08-07T06:00:00Z,10800.0
2026-08-07T07:00:00Z,10954.9
2026-08-07T08:00:00Z,11056.5
2026-08-07T09:00:00Z,11200.4
2026-08-07T10:00:00Z,10968.1
2026-08-07T11:00:00Z,11134.3
2026-08-07T12:00:00Z,11466.9
2026-08-07T13:00:00Z,11129.1
2026-08-07T14:00:00Z,11302.9
2026-08-07T15:00:00Z,11274.0
2026-08-07T16:00:00Z,11537.6
2026-08-07T17:00:00Z,10838.0
2026-08-07T18:00:00Z,11050.1
2026-08-07T19:00:00Z,10972.8
2026-08-07T20:00:00Z,11225.2
2026-08-07T21:00:00Z,11237.1
2026-08-07T22:00:00Z,11138.1
2026-08-07T23:00:00Z,11028.6
2026-08-08T00:00:00Z,10637.5
2026-08-08T01:00:00Z,10884.0
2026-08-08T02:00:00Z,10917.1
2026-08-08T03:00:00Z,10681.3
2026-08-08T04:00:00Z,10952.2
2026-08-08T05:00:00Z,10831.2
2026-08-08T06:00:00Z,11062.0
2026-08-08T07:00:00Z,10622.1
2026-08-08T08:00:00Z,10976.9
2026-08-08T09:00:00Z,10854.9
2026-08-08T10:00:00Z,11009.3
2026-08-08T11:00:00Z,10946.0
2026-08-08T12:00:00Z,10875.5
2026-08-08T13:00:00Z,10824.4
2026-08-08T14:00:00Z,11138.7
2026-08-08T15:00:00Z,10860.3
2026-08-08T16:00:00Z,11207.3
2026-08-08T17:00:00Z,10979.1
2026-08-08T18:00:00Z,10787.3
2026-08-08T19:00:00Z,11183.6
2026-08-08T20:00:00Z,10999.2
2026-08-08T21:00:00Z,10933.1
2026-08-08T22:00:00Z,11070.9
2026-08-08T23:00:00Z,10681.0
2026-08-09T00:00:00Z,10865.2
2026-08-09T01:00:00Z,11038.2
2026-08-09T02:00:00Z,10807.7
2026-08-09T03:00:00Z,10978.1
2026-08-09T04:00:00Z,10585.6
2026-08-09T05:00:00Z,10633.0
2026-08-09T06:00:00Z,10924.8
2026-08-09T07:00:00Z,10315.8
2026-08-09T08:00:00Z,10950.9
2026-08-09T09:00:00Z,11158.9
2026-08-09T10:00:00Z,10696.5
2026-08-09T11:00:00Z,11208.5
2026-08-09T12:00:00Z,10841.0
2026-08-09T13:00:00Z,11245.5
2026-08-09T14:00:00Z,10993.5
2026-08-09T15:00:00Z,11005.3
2026-08-09T16:00:00Z,10617.9
2026-08-09T17:00:00Z,11077.1
2026-08-09T18:00:00Z,10722.4
2026-08-09T19:00:00Z,11100.2
2026-08-09T20:00:00Z,10799.0
2026-08-09T21:00:00Z,10898.5
2026-08-09T22:00:00Z,11355.2
2026-08-09T23:00:00Z,11000.4
2026-08-10T00:00:00Z,11067.4
2026-08-10T01:00:00Z,11224.7
2026-08-10T02:00:00Z,11309.4
2026-08-10T03:00:00Z,11231.7
2026-08-10T04:00:00Z,10989.9
2026-08-10T05:00:00Z,11024.9
2026-08-10T06:00:00Z,10942.8
2026-08-10T07:00:00Z,11137.2
2026-08-10T08:00:00Z,11032.5
2026-08-10T09:00:00Z,11005.3
2026-08-10T10:00:00Z,10998.2
2026-08-10T11:00:00Z,11143.6
2026-08-10T12:00:00Z,11037.2
2026-08-10T13:00:00Z,11066.5
2026-08-10T14:00:00Z,11270.4
2026-08-10T15:00:00Z,11309.9
2026-08-10T16:00:00Z,11042.0
2026-08-10T17:00:00Z,11418.8
2026-08-10T18:00:00Z,11114.0
2026-08-10T19:00:00Z,11174.5
2026-08-10T20:00:00Z,11338.2
2026-08-10T21:00:00Z,11169.7
2026-08-10T22:00:00Z,10987.6
2026-08-10T23:00:00Z,11341.5
2026-08-11T00:00:00Z,11101.4
2026-08-11T01:00:00Z,11102.7
2026-08-11T02:00:00Z,11187.6
2026-08-11T03:00:00Z,11204.2
2026-08-11T04:00:00Z,11222.3
2026-08-11T05:00:00Z,11116.5
2026-08-11T06:00:00Z,10887.2
2026-08-11T07:00:00Z,11009.5
2026-08-11T08:00:00Z,10981.3
2026-08-11T09:00:00Z,11062.2
2026-08-11T10:00:00Z,10821.3
2026-08-11T11:00:00Z,11075.1
2026-08-11T12:00:00Z,11177.2
2026-08-11T13:00:00Z,11335.2
2026-08-11T14:00:00Z,10928.0
2026-08-11T15:00:00Z,11322.9
2026-08-11T16:00:00Z,11324.9
2026-08-11T17:00:00Z,11127.0
2026-08-11T18:00:00Z,11141.5
2026-08-11T19:00:00Z,11151.5
2026-08-11T20:00:00Z,11171.3
2026-08-11T21:00:00Z,11484.0
2026-08-11T22:00:00Z,11085.0
2026-08-11T23:00:00Z,11168.1
2026-08-12T00:00:00Z,11170.4
2026-08-12T01:00:00Z,11256.9
2026-08-12T02:00:00Z,11103.6
2026-08-12T03:00:00Z,11459.6
2026-08-12T04:00:00Z,10924.6
2026-08-12T05:00:00Z,11040.2
2026-08-12T06:00:00Z,11032.4
2026-08-12T07:00:00Z,11077.0
2026-08-12T08:00:00Z,11231.9
2026-08-12T09:00:00Z,11105.1
2026-08-12T10:00:00Z,11046.7
2026-08-12T11:00:00Z,11003.5
2026-08-12T12:00:00Z,11148.2
2026-08-12T13:00:00Z,11075.7
2026-08-12T14:00:00Z,11360.6
2026-08-12T15:00:00Z,11253.5
2026-08-12T16:00:00Z,10942.6
2026-08-12T17:00:00Z,11164.9
2026-08-12T18:00:00Z,11317.7
2026-08-12T19:00:00Z,11326.4
2026-08-12T20:00:00Z,11355.2
2026-08-12T21:00:00Z,11136.4
2026-08-12T22:00:00Z,11525.1
2026-08-12T23:00:00Z,10977.8
2026-08-13T00:00:00Z,10985.0
2026-08-13T01:00:00Z,11024.4
2026-08-13T02:00:00Z,11004.9
2026-08-13T03:00:00Z,11043.4
2026-08-13T04:00:00Z,11176.5
2026-08-13T05:00:00Z,10955.6
2026-08-13T06:00:00Z,11322.8
2026-08-13T07:00:00Z,11087.1
2026-08-13T08:00:00Z,11007.3
2026-08-13T09:00:00Z,11292.2
2026-08-13T10:00:00Z,11136.3
2026-08-13T11:00:00Z,4657.4
2026-08-13T12:00:00Z,4735.0
2026-08-13T13:00:00Z,4693.5
2026-08-13T14:00:00Z,4667.7
2026-08-13T15:00:00Z,4940.2
2026-08-13T16:00:00Z,4431.6
2026-08-13T17:00:00Z,11294.4
2026-08-13T18:00:00Z,10998.6
2026-08-13T19:00:00Z,11445.8
2026-08-13T20:00:00Z,11163.2
2026-08-13T21:00:00Z,11369.9
2026-08-13T22:00:00Z,11273.9
2026-08-13T23:00:00Z,11080.6
2026-08-14T00:00:00Z,11035.3
2026-08-14T01:00:00Z,11203.1
2026-08-14T02:00:00Z,11061.5
2026-08-14T03:00:00Z,11003.8
2026-08-14T04:00:00Z,10869.2
2026-08-14T05:00:00Z,11017.8
2026-08-14T06:00:00Z,10772.0
2026-08-14T07:00:00Z,11106.4
2026-08-14T08:00:00Z,10903.5
2026-08-14T09:00:00Z,11074.4
2026-08-14T10:00:00Z,10965.4
2026-08-14T11:00:00Z,11177.2
2026-08-14T12:00:00Z,11146.0
2026-08-14T13:00:00Z,11127.8
2026-08-14T14:00:00Z,11394.7
2026-08-14T15:00:00Z,11391.5
2026-08-14T16:00:00Z,10983.7
2026-08-14T17:00:00Z,11199.3
2026-08-14T18:00:00Z,11377.1
2026-08-14T19:00:00Z,11525.3
2026-08-14T20:00:00Z,11131.0
2026-08-14T21:00:00Z,11128.3
2026-08-14T22:00:00Z,10860.3
2026-08-14T23:00:00Z,10903.1
2026-08-15T00:00:00Z,10808.5
2026-08-15T01:00:00Z,10797.6
2026-08-15T02:00:00Z,10859.4
2026-08-15T03:00:00Z,10676.9
2026-08-15T04:00:00Z,10685.4
2026-08-15T05:00:00Z,10748.1
2026-08-15T06:00:00Z,10706.9
2026-08-15T07:00:00Z,11082.6
2026-08-15T08:00:00Z,10353.6
2026-08-15T09:00:00Z,10880.0
2026-08-15T10:00:00Z,4458.3
2026-08-15T11:00:00Z,4449.1
2026-08-15T12:00:00Z,4528.3
2026-08-15T13:00:00Z,4231.1
2026-08-15T14:00:00Z,4215.5
2026-08-15T15:00:00Z,4390.4
2026-08-15T16:00:00Z,10889.4
2026-08-15T17:00:00Z,11092.7
2026-08-15T18:00:00Z,10995.8
2026-08-15T19:00:00Z,11080.2
2026-08-15T20:00:00Z,11173.3
2026-08-15T21:00:00Z,11358.6
2026-08-15T22:00:00Z,11007.8
2026-08-15T23:00:00Z,10958.7
2026-08-16T00:00:00Z,10991.0
2026-08-16T01:00:00Z,10914.2
2026-08-16T02:00:00Z,10926.7
2026-08-16T03:00:00Z,10747.1
2026-08-16T04:00:00Z,10639.3
2026-08-16T05:00:00Z,10773.5
2026-08-16T06:00:00Z,10813.9
2026-08-16T07:00:00Z,10945.4
2026-08-16T08:00:00Z,10501.8
2026-08-16T09:00:00Z,10799.3
2026-08-16T10:00:00Z,10703.1
2026-08-16T11:00:00Z,10667.9
2026-08-16T12:00:00Z,10829.4
2026-08-16T13:00:00Z,10768.4
2026-08-16T14:00:00Z,4952.0
2026-08-16T15:00:00Z,4328.1
2026-08-16T16:00:00Z,4589.2
2026-08-16T17:00:00Z,4635.4
2026-08-16T18:00:00Z,4762.2
2026-08-16T19:00:00Z,4611.5
2026-08-16T20:00:00Z,10924.6
2026-08-16T21:00:00Z,11325.1
2026-08-16T22:00:00Z,11297.8
2026-08-16T23:00:00Z,11333.7
2026-08-17T00:00:00Z,11045.7
2026-08-17T01:00:00Z,10931.2
2026-08-17T02:00:00Z,11124.7
2026-08-17T03:00:00Z,11101.5
2026-08-17T04:00:00Z,11211.1
2026-08-17T05:00:00Z,11185.9
2026-08-17T06:00:00Z,11083.3
2026-08-17T07:00:00Z,11250.0
2026-08-17T08:00:00Z,11152.4
2026-08-17T09:00:00Z,10837.2
2026-08-17T10:00:00Z,10889.7
2026-08-17T11:00:00Z,11277.3
2026-08-17T12:00:00Z,10995.3
2026-08-17T13:00:00Z,11231.5
2026-08-17T14:00:00Z,11120.8
2026-08-17T15:00:00Z,11223.2
2026-08-17T16:00:00Z,11186.6
2026-08-17T17:00:00Z,11511.6
2026-08-17T18:00:00Z,11469.1
2026-08-17T19:00:00Z,11355.6
2026-08-17T20:00:00Z,11336.7
2026-08-17T21:00:00Z,11105.5
2026-08-17T22:00:00Z,11019.7
2026-08-17T23:00:00Z,11508.7
2026-08-18T00:00:00Z,11401.5
2026-08-18T01:00:00Z,10888.4
2026-08-18T02:00:00Z,10809.8
2026-08-18T03:00:00Z,10558.4
2026-08-18T04:00:00Z,11016.5
2026-08-18T05:00:00Z,10739.8
2026-08-18T06:00:00Z,11025.9
2026-08-18T07:00:00Z,10968.5
2026-08-18T08:00:00Z,10995.2
2026-08-18T09:00:00Z,11157.4
2026-08-18T10:00:00Z,11069.5
2026-08-18T11:00:00Z,10939.9
2026-08-18T12:00:00Z,11235.2
2026-08-18T13:00:00Z,10760.4
2026-08-18T14:00:00Z,11203.1
2026-08-18T15:00:00Z,11615.7
2026-08-18T16:00:00Z,11534.3
2026-08-18T17:00:00Z,11276.3
2026-08-18T18:00:00Z,11428.6
2026-08-18T19:00:00Z,11596.4
2026-08-18T20:00:00Z,11310.2
2026-08-18T21:00:00Z,10705.4
2026-08-18T22:00:00Z,11162.7
2026-08-18T23:00:00Z,11113.2
2026-08-19T00:00:00Z,11103.9
2026-08-19T01:00:00Z,11015.2
2026-08-19T02:00:00Z,11222.4
2026-08-19T03:00:00Z,11261.6
2026-08-19T04:00:00Z,11374.7
2026-08-19T05:00:00Z,10980.6
2026-08-19T06:00:00Z,11268.9
2026-08-19T07:00:00Z,10816.9
2026-08-19T08:00:00Z,10993.3
2026-08-19T09:00:00Z,10976.9
2026-08-19T10:00:00Z,10862.2
2026-08-19T11:00:00Z,10456.1
2026-08-19T12:00:00Z,11437.1
2026-08-19T13:00:00Z,11236.8
2026-08-19T14:00:00Z,11225.8
2026-08-19T15:00:00Z,10930.0
2026-08-19T16:00:00Z,11375.0
2026-08-19T17:00:00Z,11291.2
2026-08-19T18:00:00Z,11198.5
2026-08-19T19:00:00Z,11389.9
2026-08-19T20:00:00Z,11108.5
2026-08-19T21:00:00Z,11677.9
2026-08-19T22:00:00Z,10907.5
2026-08-19T23:00:00Z,11577.6
2026-08-20T00:00:00Z,10925.4
2026-08-20T01:00:00Z,11276.6
2026-08-20T02:00:00Z,11019.7
2026-08-20T03:00:00Z,11401.4
2026-08-20T04:00:00Z,11095.0
2026-08-20T05:00:00Z,11258.7
2026-08-20T06:00:00Z,10962.0
2026-08-20T07:00:00Z,10845.4
2026-08-20T08:00:00Z,10984.3
2026-08-20T09:00:00Z,11208.0
2026-08-20T10:00:00Z,10978.8
2026-08-20T11:00:00Z,10949.8
2026-08-20T12:00:00Z,11423.0
2026-08-20T13:00:00Z,11344.0
2026-08-20T14:00:00Z,11000.1
2026-08-20T15:00:00Z,11228.8
2026-08-20T16:00:00Z,11162.7
2026-08-20T17:00:00Z,11620.1
2026-08-20T18:00:00Z,11074.5
2026-08-20T19:00:00Z,11219.5
2026-08-20T20:00:00Z,11263.5
2026-08-20T21:00:00Z,10812.2
2026-08-20T22:00:00Z,11382.8
2026-08-20T23:00:00Z,11223.2
2026-08-21T00:00:00Z,11005.8
2026-08-21T01:00:00Z,11427.6
2026-08-21T02:00:00Z,11311.5
2026-08-21T03:00:00Z,10968.7
2026-08-21T04:00:00Z,10781.5
2026-08-21T05:00:00Z,10959.1
2026-08-21T06:00:00Z,11107.4
2026-08-21T07:00:00Z,10848.5
2026-08-21T08:00:00Z,11303.3
2026-08-21T09:00:00Z,11085.0
2026-08-21T10:00:00Z,11284.8
2026-08-21T11:00:00Z,10951.2
2026-08-21T12:00:00Z,10900.7
2026-08-21T13:00:00Z,11287.5
2026-08-21T14:00:00Z,11174.0
2026-08-21T15:00:00Z,11399.1
2026-08-21T16:00:00Z,11075.8
2026-08-21T17:00:00Z,11476.5
2026-08-21T18:00:00Z,11483.5
2026-08-21T19:00:00Z,11251.4
2026-08-21T20:00:00Z,11335.9
2026-08-21T21:00:00Z,11375.1
2026-08-21T22:00:00Z,10702.7
2026-08-21T23:00:00Z,11079.2
2026-08-22T00:00:00Z,11180.2
2026-08-22T01:00:00Z,10833.9
2026-08-22T02:00:00Z,11103.7
2026-08-22T03:00:00Z,10589.9
2026-08-22T04:00:00Z,10547.7
2026-08-22T05:00:00Z,11032.3
2026-08-22T06:00:00Z,10762.3
2026-08-22T07:00:00Z,10580.0
2026-08-22T08:00:00Z,10692.5
2026-08-22T09:00:00Z,11141.7
2026-08-22T10:00:00Z,10689.8
2026-08-22T11:00:00Z,11132.1
2026-08-22T12:00:00Z,10856.9
2026-08-22T13:00:00Z,10974.1
2026-08-22T14:00:00Z,10813.1
2026-08-22T15:00:00Z,10959.6
2026-08-22T16:00:00Z,11357.7
2026-08-22T17:00:00Z,10969.1
2026-08-22T18:00:00Z,10922.0
2026-08-22T19:00:00Z,10760.5
2026-08-22T20:00:00Z,11265.7
2026-08-22T21:00:00Z,10928.3
2026-08-22T22:00:00Z,10826.2
2026-08-22T23:00:00Z,10767.9
2026-08-23T00:00:00Z,11088.1
2026-08-23T01:00:00Z,10956.8
2026-08-23T02:00:00Z,10659.2
2026-08-23T03:00:00Z,10782.5
2026-08-23T04:00:00Z,10372.3
2026-08-23T05:00:00Z,10922.2
2026-08-23T06:00:00Z,10882.8
2026-08-23T07:00:00Z,10662.7
2026-08-23T08:00:00Z,10858.9
2026-08-23T09:00:00Z,10534.2
2026-08-23T10:00:00Z,10736.0
2026-08-23T11:00:00Z,10880.2
2026-08-23T12:00:00Z,10489.2
2026-08-23T13:00:00Z,11214.7
2026-08-23T14:00:00Z,11003.3
2026-08-23T15:00:00Z,11006.2
2026-08-23T16:00:00Z,11069.6
2026-08-23T17:00:00Z,11135.0
2026-08-23T18:00:00Z,10950.8
2026-08-23T19:00:00Z,11111.1
2026-08-23T20:00:00Z,10731.6
2026-08-23T21:00:00Z,10767.6
2026-08-23T22:00:00Z,11383.6
2026-08-23T23:00:00Z,11346.6
2026-08-24T00:00:00Z,11282.1
2026-08-24T01:00:00Z,11385.1
2026-08-24T02:00:00Z,10820.3
2026-08-24T03:00:00Z,11193.6
2026-08-24T04:00:00Z,10865.3
2026-08-24T05:00:00Z,11564.5
2026-08-24T06:00:00Z,11046.9
2026-08-24T07:00:00Z,11164.3
2026-08-24T08:00:00Z,10856.0
2026-08-24T09:00:00Z,11262.5
2026-08-24T10:00:00Z,11281.9
2026-08-24T11:00:00Z,11409.8
2026-08-24T12:00:00Z,11247.1
2026-08-24T13:00:00Z,11327.2
2026-08-24T14:00:00Z,11002.0
2026-08-24T15:00:00Z,10979.0
2026-08-24T16:00:00Z,11370.5
2026-08-24T17:00:00Z,11301.0
2026-08-24T18:00:00Z,11510.8
2026-08-24T19:00:00Z,11367.8
2026-08-24T20:00:00Z,11253.0
2026-08-24T21:00:00Z,11386.1
2026-08-24T22:00:00Z,11331.9
2026-08-24T23:00:00Z,11249.9
2026-08-25T00:00:00Z,11520.6
2026-08-25T01:00:00Z,11247.5
2026-08-25T02:00:00Z,11224.5
2026-08-25T03:00:00Z,11129.2
2026-08-25T04:00:00Z,10822.2
2026-08-25T05:00:00Z,11129.8
2026-08-25T06:00:00Z,11053.6
2026-08-25T07:00:00Z,10998.8
2026-08-25T08:00:00Z,10989.9
2026-08-25T09:00:00Z,11095.5
2026-08-25T10:00:00Z,11046.3
2026-08-25T11:00:00Z,11196.8
2026-08-25T12:00:00Z,11032.3
2026-08-25T13:00:00Z,11393.4
2026-08-25T14:00:00Z,11285.7
2026-08-25T15:00:00Z,11247.8
2026-08-25T16:00:00Z,11267.3
2026-08-25T17:00:00Z,11338.1
2026-08-25T18:00:00Z,11505.1
2026-08-25T19:00:00Z,11213.8
2026-08-25T20:00:00Z,10827.5
2026-08-25T21:00:00Z,10960.7
2026-08-25T22:00:00Z,11177.5
2026-08-25T23:00:00Z,11050.9
2026-08-26T00:00:00Z,11258.1
2026-08-26T01:00:00Z,11171.5
2026-08-26T02:00:00Z,11187.6
2026-08-26T03:00:00Z,10918.5
2026-08-26T04:00:00Z,11480.1
2026-08-26T05:00:00Z,11177.1
2026-08-26T06:00:00Z,11123.8
2026-08-26T07:00:00Z,11006.4
2026-08-26T08:00:00Z,10674.3
2026-08-26T09:00:00Z,10879.2
2026-08-26T10:00:00Z,11118.2
2026-08-26T11:00:00Z,11337.9
2026-08-26T12:00:00Z,11531.0
2026-08-26T13:00:00Z,11197.6
2026-08-26T14:00:00Z,11262.8
2026-08-26T15:00:00Z,11465.8
2026-08-26T16:00:00Z,11124.0
2026-08-26T17:00:00Z,11248.1
2026-08-26T18:00:00Z,11310.4
2026-08-26T19:00:00Z,11399.1
2026-08-26T20:00:00Z,11054.0
2026-08-26T21:00:00Z,11138.4
2026-08-26T22:00:00Z,11249.9
2026-08-26T23:00:00Z,11406.2
2026-08-27T00:00:00Z,10968.4
2026-08-27T01:00:00Z,11601.1
2026-08-27T02:00:00Z,10755.0
2026-08-27T03:00:00Z,10995.2
2026-08-27T04:00:00Z,11403.9
2026-08-27T05:00:00Z,11124.8
2026-08-27T06:00:00Z,11262.6
2026-08-27T07:00:00Z,11126.0
2026-08-27T08:00:00Z,10950.6
2026-08-27T09:00:00Z,11185.1
2026-08-27T10:00:00Z,11004.3
2026-08-27T11:00:00Z,11177.3
2026-08-27T12:00:00Z,11223.3
2026-08-27T13:00:00Z,11016.7
2026-08-27T14:00:00Z,10854.0
2026-08-27T15:00:00Z,11212.6
2026-08-27T16:00:00Z,11173.4
2026-08-27T17:00:00Z,11301.0
2026-08-27T18:00:00Z,11451.6
2026-08-27T19:00:00Z,11062.1
2026-08-27T20:00:00Z,11153.8
2026-08-27T21:00:00Z,11328.2
2026-08-27T22:00:00Z,11173.7
2026-08-27T23:00:00Z,11248.1
2026-08-28T00:00:00Z,11018.3
2026-08-28T01:00:00Z,11142.5
2026-08-28T02:00:00Z,11160.2
2026-08-28T03:00:00Z,10930.8
2026-08-28T04:00:00Z,11150.8
2026-08-28T05:00:00Z,11322.3
2026-08-28T06:00:00Z,10915.9
2026-08-28T07:00:00Z,11153.0
2026-08-28T08:00:00Z,10784.5
2026-08-28T09:00:00Z,11089.7
2026-08-28T10:00:00Z,11089.8
2026-08-28T11:00:00Z,11221.5
2026-08-28T12:00:00Z,11361.3
2026-08-28T13:00:00Z,11107.7
2026-08-28T14:00:00Z,11264.9
2026-08-28T15:00:00Z,11107.6
2026-08-28T16:00:00Z,11044.6
2026-08-28T17:00:00Z,11601.4
2026-08-28T18:00:00Z,11231.3
2026-08-28T19:00:00Z,11202.3
2026-08-28T20:00:00Z,11193.7
2026-08-28T21:00:00Z,11198.6
2026-08-28T22:00:00Z,10793.3
2026-08-28T23:00:00Z,10589.8
2026-08-29T00:00:00Z,10417.4
2026-08-29T01:00:00Z,10857.0
2026-08-29T02:00:00Z,11070.5
2026-08-29T03:00:00Z,10696.0
2026-08-29T04:00:00Z,11001.6
2026-08-29T05:00:00Z,10819.2
2026-08-29T06:00:00Z,10678.9
2026-08-29T07:00:00Z,10705.7
2026-08-29T08:00:00Z,10714.0
2026-08-29T09:00:00Z,10949.5
2026-08-29T10:00:00Z,10951.7
2026-08-29T11:00:00Z,10774.8
2026-08-29T12:00:00Z,11062.5
2026-08-29T13:00:00Z,10403.1
2026-08-29T14:00:00Z,10829.7
2026-08-29T15:00:00Z,11050.3
2026-08-29T16:00:00Z,10901.0
2026-08-29T17:00:00Z,11005.1
2026-08-29T18:00:00Z,11475.4
2026-08-29T19:00:00Z,11029.0
2026-08-29T20:00:00Z,11132.7
2026-08-29T21:00:00Z,10868.1
2026-08-29T22:00:00Z,10649.3
2026-08-29T23:00:00Z,11014.0
2026-08-30T00:00:00Z,10742.1
2026-08-30T01:00:00Z,10819.0
2026-08-30T02:00:00Z,10809.5
2026-08-30T03:00:00Z,10952.4
2026-08-30T04:00:00Z,10863.3
2026-08-30T05:00:00Z,10863.8
2026-08-30T06:00:00Z,10861.9
2026-08-30T07:00:00Z,10633.7
2026-08-30T08:00:00Z,10798.5
2026-08-30T09:00:00Z,10881.1
2026-08-30T10:00:00Z,10709.8
2026-08-30T11:00:00Z,10700.8
2026-08-30T12:00:00Z,11092.6
2026-08-30T13:00:00Z,11083.9
2026-08-30T14:00:00Z,11095.3
2026-08-30T15:00:00Z,11008.0
2026-08-30T16:00:00Z,11062.7
2026-08-30T17:00:00Z,11091.7
2026-08-30T18:00:00Z,10708.9
2026-08-30T19:00:00Z,11042.4
2026-08-30T20:00:00Z,11298.4
2026-08-30T21:00:00Z,11209.6
2026-08-30T22:00:00Z,11179.4
2026-08-30T23:00:00Z,10911.1
2026-08-31T00:00:00Z,11125.2
2026-08-31T01:00:00Z,10852.8
2026-08-31T02:00:00Z,10938.5
2026-08-31T03:00:00Z,10961.1
2026-08-31T04:00:00Z,11471.0
2026-08-31T05:00:00Z,11063.9
2026-08-31T06:00:00Z,10885.3
2026-08-31T07:00:00Z,11255.1
2026-08-31T08:00:00Z,11221.1
2026-08-31T09:00:00Z,11191.1
2026-08-31T10:00:00Z,11167.4
2026-08-31T11:00:00Z,11061.1
2026-08-31T12:00:00Z,11165.4
2026-08-31T13:00:00Z,11178.8
2026-08-31T14:00:00Z,10765.1
2026-08-31T15:00:00Z,11178.9
2026-08-31T16:00:00Z,11312.2
2026-08-31T17:00:00Z,11129.5
2026-08-31T18:00:00Z,11412.1
2026-08-31T19:00:00Z,11322.6
2026-08-31T20:00:00Z,11065.9
2026-08-31T21:00:00Z,11486.5
2026-08-31T22:00:00Z,11108.6
2026-08-31T23:00:00Z,11400.4
2026-09-01T00:00:00Z,10968.7
2026-09-01T01:00:00Z,11403.1
2026-09-01T02:00:00Z,10911.4
2026-09-01T03:00:00Z,11217.9
2026-09-01T04:00:00Z,10924.2
2026-09-01T05:00:00Z,11192.1
2026-09-01T06:00:00Z,11148.6
2026-09-01T07:00:00Z,11192.3
2026-09-01T08:00:00Z,10978.6
2026-09-01T09:00:00Z,11201.3
2026-09-01T10:00:00Z,10979.6
2026-09-01T11:00:00Z,11214.3
2026-09-01T12:00:00Z,10990.9
2026-09-01T13:00:00Z,11251.7
2026-09-01T14:00:00Z,11133.8
2026-09-01T15:00:00Z,10886.8
2026-09-01T16:00:00Z,11200.4
2026-09-01T17:00:00Z,11083.8
2026-09-01T18:00:00Z,11238.3
2026-09-01T19:00:00Z,11243.7
2026-09-01T20:00:00Z,11107.1
2026-09-01T21:00:00Z,11126.8
2026-09-01T22:00:00Z,11069.8
2026-09-01T23:00:00Z,11183.1
2026-09-02T00:00:00Z,10966.3
2026-09-02T01:00:00Z,11309.2
2026-09-02T02:00:00Z,11114.5
2026-09-02T03:00:00Z,10966.4
2026-09-02T04:00:00Z,11188.0
2026-09-02T05:00:00Z,11088.0
2026-09-02T06:00:00Z,10999.7
2026-09-02T07:00:00Z,11183.4
2026-09-02T08:00:00Z,11061.4
2026-09-02T09:00:00Z,10863.7
2026-09-02T10:00:00Z,11090.0
2026-09-02T11:00:00Z,11497.6
2026-09-02T12:00:00Z,11342.5
2026-09-02T13:00:00Z,11277.7
2026-09-02T14:00:00Z,11500.5
2026-09-02T15:00:00Z,11523.0
2026-09-02T16:00:00Z,11366.0
2026-09-02T17:00:00Z,11153.3
2026-09-02T18:00:00Z,11275.1
2026-09-02T19:00:00Z,11330.1
2026-09-02T20:00:00Z,11494.8
2026-09-02T21:00:00Z,11311.1
2026-09-02T22:00:00Z,4764.7
2026-09-02T23:00:00Z,4673.9
2026-09-03T00:00:00Z,4569.7
2026-09-03T01:00:00Z,4582.3
2026-09-03T02:00:00Z,4769.1
2026-09-03T03:00:00Z,4493.1
2026-09-03T04:00:00Z,11118.1
2026-09-03T05:00:00Z,10869.8
2026-09-03T06:00:00Z,10866.4
2026-09-03T07:00:00Z,10874.2
2026-09-03T08:00:00Z,11232.1
2026-09-03T09:00:00Z,10707.7
2026-09-03T10:00:00Z,11325.1
2026-09-03T11:00:00Z,11254.5
2026-09-03T12:00:00Z,11044.9
2026-09-03T13:00:00Z,11082.3
2026-09-03T14:00:00Z,11453.2
2026-09-03T15:00:00Z,11147.4
2026-09-03T16:00:00Z,11018.6
2026-09-03T17:00:00Z,11387.5
2026-09-03T18:00:00Z,11428.5
2026-09-03T19:00:00Z,11124.3
2026-09-03T20:00:00Z,11345.0
2026-09-03T21:00:00Z,11041.8
2026-09-03T22:00:00Z,10962.1
2026-09-03T23:00:00Z,11032.6
2026-09-04T00:00:00Z,11328.8
2026-09-04T01:00:00Z,11275.9
2026-09-04T02:00:00Z,11081.8
2026-09-04T03:00:00Z,10719.6
2026-09-04T04:00:00Z,11023.9
2026-09-04T05:00:00Z,11031.3
2026-09-04T06:00:00Z,11281.0
2026-09-04T07:00:00Z,11225.5
2026-09-04T08:00:00Z,11185.9
2026-09-04T09:00:00Z,11069.2
2026-09-04T10:00:00Z,11240.5
2026-09-04T11:00:00Z,11154.1
2026-09-04T12:00:00Z,11154.8
2026-09-04T13:00:00Z,11221.2
2026-09-04T14:00:00Z,11323.3
2026-09-04T15:00:00Z,11146.3
2026-09-04T16:00:00Z,11309.4
2026-09-04T17:00:00Z,11066.5
2026-09-04T18:00:00Z,11156.0
2026-09-04T19:00:00Z,11425.9
2026-09-04T20:00:00Z,11160.2
2026-09-04T21:00:00Z,11430.7
2026-09-04T22:00:00Z,10962.6
2026-09-04T23:00:00Z,10838.6
2026-09-05T00:00:00Z,10942.8
2026-09-05T01:00:00Z,11073.0
2026-09-05T02:00:00Z,10883.0
2026-09-05T03:00:00Z,10779.2
2026-09-05T04:00:00Z,10689.3
2026-09-05T05:00:00Z,10792.1
2026-09-05T06:00:00Z,10718.2
2026-09-05T07:00:00Z,10797.2
2026-09-05T08:00:00Z,10877.5
2026-09-05T09:00:00Z,10737.9
2026-09-05T10:00:00Z,10758.5
2026-09-05T11:00:00Z,10899.2
2026-09-05T12:00:00Z,10526.8
2026-09-05T13:00:00Z,11101.2
2026-09-05T14:00:00Z,10990.1
2026-09-05T15:00:00Z,10994.8
2026-09-05T16:00:00Z,10906.0
2026-09-05T17:00:00Z,11205.0
2026-09-05T18:00:00Z,10740.1
2026-09-05T19:00:00Z,11073.8
2026-09-05T20:00:00Z,11035.5
2026-09-05T21:00:00Z,10716.0
2026-09-05T22:00:00Z,11025.1
2026-09-05T23:00:00Z,11061.9
2026-09-06T00:00:00Z,10972.4
2026-09-06T01:00:00Z,11005.0
2026-09-06T02:00:00Z,10551.1
2026-09-06T03:00:00Z,11093.4
2026-09-06T04:00:00Z,10788.3
2026-09-06T05:00:00Z,10615.0
2026-09-06T06:00:00Z,10552.4
2026-09-06T07:00:00Z,10695.1
2026-09-06T08:00:00Z,10621.2
2026-09-06T09:00:00Z,10903.6
2026-09-06T10:00:00Z,10916.2
2026-09-06T11:00:00Z,10870.8
2026-09-06T12:00:00Z,10872.0
2026-09-06T13:00:00Z,10907.4
2026-09-06T14:00:00Z,10981.6
2026-09-06T15:00:00Z,10927.1
2026-09-06T16:00:00Z,10820.1
2026-09-06T17:00:00Z,11065.9
2026-09-06T18:00:00Z,10934.4
2026-09-06T19:00:00Z,11148.0
2026-09-06T20:00:00Z,11041.4
2026-09-06T21:00:00Z,11020.7
2026-09-06T22:00:00Z,11303.0
2026-09-06T23:00:00Z,11067.4
2026-09-07T00:00:00Z,11222.5
2026-09-07T01:00:00Z,11252.8
2026-09-07T02:00:00Z,11101.6
2026-09-07T03:00:00Z,11463.7
2026-09-07T04:00:00Z,10914.4
2026-09-07T05:00:00Z,11450.5
2026-09-07T06:00:00Z,11106.6
2026-09-07T07:00:00Z,11387.3
2026-09-07T08:00:00Z,11061.4
2026-09-07T09:00:00Z,11301.4
2026-09-07T10:00:00Z,11163.0
2026-09-07T11:00:00Z,11481.9
2026-09-07T12:00:00Z,10905.3
2026-09-07T13:00:00Z,11061.7
2026-09-07T14:00:00Z,11090.7
2026-09-07T15:00:00Z,11346.8
2026-09-07T16:00:00Z,11412.5
2026-09-07T17:00:00Z,11240.9
2026-09-07T18:00:00Z,11415.0
2026-09-07T19:00:00Z,11285.9
2026-09-07T20:00:00Z,10961.4
2026-09-07T21:00:00Z,11121.2
2026-09-07T22:00:00Z,11039.6
2026-09-07T23:00:00Z,11327.7
2026-09-08T00:00:00Z,11112.9
2026-09-08T01:00:00Z,11214.7
2026-09-08T02:00:00Z,10803.9
2026-09-08T03:00:00Z,11262.8
2026-09-08T04:00:00Z,10779.9
2026-09-08T05:00:00Z,10893.2
2026-09-08T06:00:00Z,10782.3
2026-09-08T07:00:00Z,10932.4
2026-09-08T08:00:00Z,11379.4
2026-09-08T09:00:00Z,11271.8
2026-09-08T10:00:00Z,11413.2
2026-09-08T11:00:00Z,11146.9
2026-09-08T12:00:00Z,11224.7
2026-09-08T13:00:00Z,11072.2
2026-09-08T14:00:00Z,11245.9
2026-09-08T15:00:00Z,11142.1
2026-09-08T16:00:00Z,11348.9
2026-09-08T17:00:00Z,11158.0
2026-09-08T18:00:00Z,11164.1
2026-09-08T19:00:00Z,11323.0
2026-09-08T20:00:00Z,10861.9
2026-09-08T21:00:00Z,11136.4
2026-09-08T22:00:00Z,11400.0
2026-09-08T23:00:00Z,11284.1
2026-09-09T00:00:00Z,10823.8
2026-09-09T01:00:00Z,11150.8
2026-09-09T02:00:00Z,11218.1
2026-09-09T03:00:00Z,10988.2
2026-09-09T04:00:00Z,11226.0
2026-09-09T05:00:00Z,11000.5
2026-09-09T06:00:00Z,11146.2
2026-09-09T07:00:00Z,11148.2
2026-09-09T08:00:00Z,11324.0
2026-09-09T09:00:00Z,11042.6
2026-09-09T10:00:00Z,11136.3
2026-09-09T11:00:00Z,11236.2
2026-09-09T12:00:00Z,11115.3
2026-09-09T13:00:00Z,11183.1
2026-09-09T14:00:00Z,11199.5
2026-09-09T15:00:00Z,11480.3
2026-09-09T16:00:00Z,11027.0
2026-09-09T17:00:00Z,11186.2
2026-09-09T18:00:00Z,11618.7
2026-09-09T19:00:00Z,11475.2
2026-09-09T20:00:00Z,11420.7
2026-09-09T21:00:00Z,10848.4
2026-09-09T22:00:00Z,11186.0
2026-09-09T23:00:00Z,10965.2
2026-09-10T00:00:00Z,11186.6
2026-09-10T01:00:00Z,10698.8
2026-09-10T02:00:00Z,11486.4
2026-09-10T03:00:00Z,11133.1
2026-09-10T04:00:00Z,11113.0
2026-09-10T05:00:00Z,10572.5
2026-09-10T06:00:00Z,10898.8
2026-09-10T07:00:00Z,11098.0
2026-09-10T08:00:00Z,11127.1
2026-09-10T09:00:00Z,11147.2
2026-09-10T10:00:00Z,11225.3
2026-09-10T11:00:00Z,11416.7
2026-09-10T12:00:00Z,11473.0
2026-09-10T13:00:00Z,11177.7
2026-09-10T14:00:00Z,10835.3
2026-09-10T15:00:00Z,11260.4
2026-09-10T16:00:00Z,11399.8
2026-09-10T17:00:00Z,11297.6
2026-09-10T18:00:00Z,11559.5
2026-09-10T19:00:00Z,11247.8
2026-09-10T20:00:00Z,11536.6
2026-09-10T21:00:00Z,11222.2
2026-09-10T22:00:00Z,11363.7
2026-09-10T23:00:00Z,11239.8
2026-09-11T00:00:00Z,11235.8
2026-09-11T01:00:00Z,11126.9
2026-09-11T02:00:00Z,10987.2
2026-09-11T03:00:00Z,11338.2
2026-09-11T04:00:00Z,11257.9
2026-09-11T05:00:00Z,11302.1
2026-09-11T06:00:00Z,11187.4
2026-09-11T07:00:00Z,10918.9
2026-09-11T08:00:00Z,10839.8
2026-09-11T09:00:00Z,10940.2
2026-09-11T10:00:00Z,11050.0
2026-09-11T11:00:00Z,11252.9
2026-09-11T12:00:00Z,10999.3
2026-09-11T13:00:00Z,10951.7
2026-09-11T14:00:00Z,10924.7
2026-09-11T15:00:00Z,11237.6
2026-09-11T16:00:00Z,11187.2
2026-09-11T17:00:00Z,11001.3
2026-09-11T18:00:00Z,11201.3
2026-09-11T19:00:00Z,11095.0
2026-09-11T20:00:00Z,11155.5
2026-09-11T21:00:00Z,11211.6
2026-09-11T22:00:00Z,10992.2
2026-09-11T23:00:00Z,10896.1
2026-09-12T00:00:00Z,11020.7
2026-09-12T01:00:00Z,11048.5
2026-09-12T02:00:00Z,10962.4
2026-09-12T03:00:00Z,10887.1
2026-09-12T04:00:00Z,10693.0
2026-09-12T05:00:00Z,10597.5
2026-09-12T06:00:00Z,10839.0
2026-09-12T07:00:00Z,11229.4
2026-09-12T08:00:00Z,10519.7
2026-09-12T09:00:00Z,10918.9
2026-09-12T10:00:00Z,10543.8
2026-09-12T11:00:00Z,11193.7
2026-09-12T12:00:00Z,10810.2
2026-09-12T13:00:00Z,11099.6
2026-09-12T14:00:00Z,10800.2
2026-09-12T15:00:00Z,10877.1
2026-09-12T16:00:00Z,10904.1
2026-09-12T17:00:00Z,11324.6
2026-09-12T18:00:00Z,11180.9
2026-09-12T19:00:00Z,11164.8
2026-09-12T20:00:00Z,11179.5
2026-09-12T21:00:00Z,10998.5
2026-09-12T22:00:00Z,10752.0
2026-09-12T23:00:00Z,10943.8
2026-09-13T00:00:00Z,10931.9
2026-09-13T01:00:00Z,10864.4
2026-09-13T02:00:00Z,10858.5
2026-09-13T03:00:00Z,10865.2
2026-09-13T04:00:00Z,10988.1
2026-09-13T05:00:00Z,10934.9
2026-09-13T06:00:00Z,10818.7
2026-09-13T07:00:00Z,10616.4
2026-09-13T08:00:00Z,10905.1
2026-09-13T09:00:00Z,10760.7
2026-09-13T10:00:00Z,11119.6
2026-09-13T11:00:00Z,10911.5
2026-09-13T12:00:00Z,10835.3
2026-09-13T13:00:00Z,10903.7
2026-09-13T14:00:00Z,10800.7
2026-09-13T15:00:00Z,10971.5
2026-09-13T16:00:00Z,11019.2
2026-09-13T17:00:00Z,10927.4
2026-09-13T18:00:00Z,11092.8
2026-09-13T19:00:00Z,11370.8
2026-09-13T20:00:00Z,10862.1
2026-09-13T21:00:00Z,10738.3
2026-09-13T22:00:00Z,11055.8
2026-09-13T23:00:00Z,11573.8
2026-09-14T00:00:00Z,11015.5
2026-09-14T01:00:00Z,10782.0
2026-09-14T02:00:00Z,11085.2
2026-09-14T03:00:00Z,10953.3
2026-09-14T04:00:00Z,11161.3
2026-09-14T05:00:00Z,10773.5
2026-09-14T06:00:00Z,11147.3
2026-09-14T07:00:00Z,10709.9
2026-09-14T08:00:00Z,10973.6
2026-09-14T09:00:00Z,11043.9
2026-09-14T10:00:00Z,11011.7
2026-09-14T11:00:00Z,11026.5
2026-09-14T12:00:00Z,10791.4
2026-09-14T13:00:00Z,11187.1
2026-09-14T14:00:00Z,11110.6
2026-09-14T15:00:00Z,11334.3
2026-09-14T16:00:00Z,11354.4
2026-09-14T17:00:00Z,11289.7
2026-09-14T18:00:00Z,11250.5
2026-09-14T19:00:00Z,11607.7
2026-09-14T20:00:00Z,11576.5
2026-09-14T21:00:00Z,11407.3
2026-09-14T22:00:00Z,11472.4
2026-09-14T23:00:00Z,11286.0
2026-09-15T00:00:00Z,11417.2
2026-09-15T01:00:00Z,11010.7
2026-09-15T02:00:00Z,10652.0
2026-09-15T03:00:00Z,10730.3
2026-09-15T04:00:00Z,11248.8
2026-09-15T05:00:00Z,11030.3
2026-09-15T06:00:00Z,11075.7
2026-09-15T07:00:00Z,11356.9
2026-09-15T08:00:00Z,11188.5
2026-09-15T09:00:00Z,11127.5
2026-09-15T10:00:00Z,11025.7
2026-09-15T11:00:00Z,11273.3
2026-09-15T12:00:00Z,11146.5
2026-09-15T13:00:00Z,11511.4
2026-09-15T14:00:00Z,11284.2
2026-09-15T15:00:00Z,11185.0
2026-09-15T16:00:00Z,11407.1
2026-09-15T17:00:00Z,10872.3
2026-09-15T18:00:00Z,11231.4
2026-09-15T19:00:00Z,11311.5
2026-09-15T20:00:00Z,11381.5
2026-09-15T21:00:00Z,11267.7
2026-09-15T22:00:00Z,11102.0
2026-09-15T23:00:00Z,11019.9
2026-09-16T00:00:00Z,11192.6
2026-09-16T01:00:00Z,11038.2
2026-09-16T02:00:00Z,11265.7
2026-09-16T03:00:00Z,10915.8
2026-09-16T04:00:00Z,11021.2
2026-09-16T05:00:00Z,11135.8
2026-09-16T06:00:00Z,10767.2
2026-09-16T07:00:00Z,10822.3
2026-09-16T08:00:00Z,10983.4
2026-09-16T09:00:00Z,11117.4
2026-09-16T10:00:00Z,10895.4
2026-09-16T11:00:00Z,11215.6
2026-09-16T12:00:00Z,11353.9
2026-09-16T13:00:00Z,11073.5
2026-09-16T14:00:00Z,11284.4
2026-09-16T15:00:00Z,11361.1
2026-09-16T16:00:00Z,11474.8
2026-09-16T17:00:00Z,11113.1
2026-09-16T18:00:00Z,10869.9
2026-09-16T19:00:00Z,11036.4
2026-09-16T20:00:00Z,10984.5
2026-09-16T21:00:00Z,11028.6
2026-09-16T22:00:00Z,11270.8
2026-09-16T23:00:00Z,11196.9
2026-09-17T00:00:00Z,11658.8
2026-09-17T01:00:00Z,11119.1
2026-09-17T02:00:00Z,11120.4
2026-09-17T03:00:00Z,11202.9
2026-09-17T04:00:00Z,11122.3
2026-09-17T05:00:00Z,11403.8
2026-09-17T06:00:00Z,10753.9
2026-09-17T07:00:00Z,11112.8
2026-09-17T08:00:00Z,11376.4
2026-09-17T09:00:00Z,10607.2
2026-09-17T10:00:00Z,10874.8
2026-09-17T11:00:00Z,10748.3
2026-09-17T12:00:00Z,11037.3
2026-09-17T13:00:00Z,11134.2
2026-09-17T14:00:00Z,11389.0
2026-09-17T15:00:00Z,11072.8
2026-09-17T16:00:00Z,11441.6
2026-09-17T17:00:00Z,11196.0
2026-09-17T18:00:00Z,11134.2
2026-09-17T19:00:00Z,11097.6
2026-09-17T20:00:00Z,11081.3
2026-09-17T21:00:00Z,11142.9
2026-09-17T22:00:00Z,10971.6
2026-09-17T23:00:00Z,11126.2
2026-09-18T00:00:00Z,11284.2
2026-09-18T01:00:00Z,10906.1
2026-09-18T02:00:00Z,11133.4
2026-09-18T03:00:00Z,10936.7
2026-09-18T04:00:00Z,11161.3
2026-09-18T05:00:00Z,11064.6
2026-09-18T06:00:00Z,11276.5
2026-09-18T07:00:00Z,11188.3
2026-09-18T08:00:00Z,11081.1
2026-09-18T09:00:00Z,11057.5
2026-09-18T10:00:00Z,11055.7
2026-09-18T11:00:00Z,10934.9
2026-09-18T12:00:00Z,11371.6
2026-09-18T13:00:00Z,10920.8
2026-09-18T14:00:00Z,11256.8
2026-09-18T15:00:00Z,11065.8
2026-09-18T16:00:00Z,11129.8
2026-09-18T17:00:00Z,11419.9
2026-09-18T18:00:00Z,11225.6
2026-09-18T19:00:00Z,11288.8
2026-09-18T20:00:00Z,11560.6
2026-09-18T21:00:00Z,11367.9
2026-09-18T22:00:00Z,10850.4
2026-09-18T23:00:00Z,11038.2
2026-09-19T00:00:00Z,10990.2
2026-09-19T01:00:00Z,10903.5
2026-09-19T02:00:00Z,10741.4
2026-09-19T03:00:00Z,11029.7
2026-09-19T04:00:00Z,11004.5
2026-09-19T05:00:00Z,10647.2
2026-09-19T06:00:00Z,10536.8
2026-09-19T07:00:00Z,10845.9
2026-09-19T08:00:00Z,10780.5
2026-09-19T09:00:00Z,10743.4
2026-09-19T10:00:00Z,10898.8
2026-09-19T11:00:00Z,10914.8
2026-09-19T12:00:00Z,10802.6
2026-09-19T13:00:00Z,10804.0
2026-09-19T14:00:00Z,10690.8
2026-09-19T15:00:00Z,10925.0
2026-09-19T16:00:00Z,10740.8
2026-09-19T17:00:00Z,10995.0
2026-09-19T18:00:00Z,11168.4
2026-09-19T19:00:00Z,10750.6
2026-09-19T20:00:00Z,11220.5
2026-09-19T21:00:00Z,11164.1
2026-09-19T22:00:00Z,10738.3
2026-09-19T23:00:00Z,11226.7
2026-09-20T00:00:00Z,10772.7
2026-09-20T01:00:00Z,10617.7
2026-09-20T02:00:00Z,10615.2
2026-09-20T03:00:00Z,10443.2
2026-09-20T04:00:00Z,11122.5
2026-09-20T05:00:00Z,10743.2
2026-09-20T06:00:00Z,10777.5
2026-09-20T07:00:00Z,10887.5
2026-09-20T08:00:00Z,10553.8
2026-09-20T09:00:00Z,10648.9
2026-09-20T10:00:00Z,10825.5
2026-09-20T11:00:00Z,10645.6
2026-09-20T12:00:00Z,10921.3
2026-09-20T13:00:00Z,10813.8
2026-09-20T14:00:00Z,10866.9
2026-09-20T15:00:00Z,11029.7
2026-09-20T16:00:00Z,10981.3
2026-09-20T17:00:00Z,11098.9
2026-09-20T18:00:00Z,11092.0
2026-09-20T19:00:00Z,10984.9
2026-09-20T20:00:00Z,11078.8
2026-09-20T21:00:00Z,11003.2
2026-09-20T22:00:00Z,11209.1
2026-09-20T23:00:00Z,10936.1
2026-09-21T00:00:00Z,11356.0
2026-09-21T01:00:00Z,10903.1
2026-09-21T02:00:00Z,10983.1
2026-09-21T03:00:00Z,10840.3
2026-09-21T04:00:00Z,11179.9
2026-09-21T05:00:00Z,10897.9
2026-09-21T06:00:00Z,10922.6
2026-09-21T07:00:00Z,11198.4
2026-09-21T08:00:00Z,10977.6
2026-09-21T09:00:00Z,10897.6
2026-09-21T10:00:00Z,11362.7
2026-09-21T11:00:00Z,10994.0
2026-09-21T12:00:00Z,10910.4
2026-09-21T13:00:00Z,11085.3
2026-09-21T14:00:00Z,10989.9
2026-09-21T15:00:00Z,11301.8
2026-09-21T16:00:00Z,11027.1
2026-09-21T17:00:00Z,11183.3
2026-09-21T18:00:00Z,11376.3
2026-09-21T19:00:00Z,11109.9
2026-09-21T20:00:00Z,10983.3
2026-09-21T21:00:00Z,11575.0
2026-09-21T22:00:00Z,10922.0
2026-09-21T23:00:00Z,11354.6
2026-09-22T00:00:00Z,11310.3
2026-09-22T01:00:00Z,10998.7
2026-09-22T02:00:00Z,11106.2
2026-09-22T03:00:00Z,11111.2
2026-09-22T04:00:00Z,10854.3
2026-09-22T05:00:00Z,11251.7
2026-09-22T06:00:00Z,11149.0
2026-09-22T07:00:00Z,10953.5
2026-09-22T08:00:00Z,10818.1
2026-09-22T09:00:00Z,11248.3
2026-09-22T10:00:00Z,11186.5
2026-09-22T11:00:00Z,10920.2
2026-09-22T12:00:00Z,11431.9
2026-09-22T13:00:00Z,11356.9
2026-09-22T14:00:00Z,11171.6
2026-09-22T15:00:00Z,11284.7
2026-09-22T16:00:00Z,11484.8
2026-09-22T17:00:00Z,11363.2
2026-09-22T18:00:00Z,11527.5
2026-09-22T19:00:00Z,11318.1
2026-09-22T20:00:00Z,11548.3
2026-09-22T21:00:00Z,11243.9
2026-09-22T22:00:00Z,11274.5
2026-09-22T23:00:00Z,11139.8
2026-09-23T00:00:00Z,11206.6
2026-09-23T01:00:00Z,11178.7
2026-09-23T02:00:00Z,11196.0
2026-09-23T03:00:00Z,11170.1
2026-09-23T04:00:00Z,10970.1
2026-09-23T05:00:00Z,11176.7
2026-09-23T06:00:00Z,10814.9
2026-09-23T07:00:00Z,11122.1
2026-09-23T08:00:00Z,11166.4
2026-09-23T09:00:00Z,11204.3
2026-09-23T10:00:00Z,11121.6
2026-09-23T11:00:00Z,11073.0
2026-09-23T12:00:00Z,11251.9
2026-09-23T13:00:00Z,11296.8
2026-09-23T14:00:00Z,11280.8
2026-09-23T15:00:00Z,11469.2
2026-09-23T16:00:00Z,10918.1
2026-09-23T17:00:00Z,11394.2
2026-09-23T18:00:00Z,11003.7
2026-09-23T19:00:00Z,10907.7
2026-09-23T20:00:00Z,11080.9
2026-09-23T21:00:00Z,11212.0
2026-09-23T22:00:00Z,11121.0
2026-09-23T23:00:00Z,11000.9
2026-09-24T00:00:00Z,11122.5
2026-09-24T01:00:00Z,11187.4
2026-09-24T02:00:00Z,11095.2
2026-09-24T03:00:00Z,11092.5
2026-09-24T04:00:00Z,10922.7
2026-09-24T05:00:00Z,11031.8
2026-09-24T06:00:00Z,10942.4
2026-09-24T07:00:00Z,11164.5
2026-09-24T08:00:00Z,10835.0
2026-09-24T09:00:00Z,11334.0
2026-09-24T10:00:00Z,11291.3
2026-09-24T11:00:00Z,10993.6
2026-09-24T12:00:00Z,11186.5
2026-09-24T13:00:00Z,11303.3
2026-09-24T14:00:00Z,11171.6
2026-09-24T15:00:00Z,11155.8
2026-09-24T16:00:00Z,10952.4
2026-09-24T17:00:00Z,11398.7
2026-09-24T18:00:00Z,11363.8
2026-09-24T19:00:00Z,11321.7
2026-09-24T20:00:00Z,10918.4
2026-09-24T21:00:00Z,11072.7
2026-09-24T22:00:00Z,11376.9
2026-09-24T23:00:00Z,11181.7
2026-09-25T00:00:00Z,11314.1
2026-09-25T01:00:00Z,11028.2
2026-09-25T02:00:00Z,10986.9
2026-09-25T03:00:00Z,11394.8
2026-09-25T04:00:00Z,11190.1
2026-09-25T05:00:00Z,11121.4
2026-09-25T06:00:00Z,10997.7
2026-09-25T07:00:00Z,11010.7
2026-09-25T08:00:00Z,11205.2
2026-09-25T09:00:00Z,11259.1
2026-09-25T10:00:00Z,10958.7
2026-09-25T11:00:00Z,10868.5
2026-09-25T12:00:00Z,11443.1
2026-09-25T13:00:00Z,11195.5
2026-09-25T14:00:00Z,11437.0
2026-09-25T15:00:00Z,11351.8
2026-09-25T16:00:00Z,11559.0
2026-09-25T17:00:00Z,10989.9
2026-09-25T18:00:00Z,11060.4
2026-09-25T19:00:00Z,11085.5
2026-09-25T20:00:00Z,11406.4
2026-09-25T21:00:00Z,11043.9
2026-09-25T22:00:00Z,10979.8
2026-09-25T23:00:00Z,11027.6
2026-09-26T00:00:00Z,10760.6
2026-09-26T01:00:00Z,10829.9
2026-09-26T02:00:00Z,10754.5
2026-09-26T03:00:00Z,4458.1
2026-09-26T04:00:00Z,4139.2
2026-09-26T05:00:00Z,4601.6
2026-09-26T06:00:00Z,3936.2
2026-09-26T07:00:00Z,4205.2
2026-09-26T08:00:00Z,3916.2
2026-09-26T09:00:00Z,10711.7
2026-09-26T10:00:00Z,11207.3
2026-09-26T11:00:00Z,10734.3
2026-09-26T12:00:00Z,10949.1
2026-09-26T13:00:00Z,11088.8
2026-09-26T14:00:00Z,10933.8
2026-09-26T15:00:00Z,11023.6
2026-09-26T16:00:00Z,10911.5
2026-09-26T17:00:00Z,10718.2
2026-09-26T18:00:00Z,10706.5
2026-09-26T19:00:00Z,11120.5
2026-09-26T20:00:00Z,10713.2
2026-09-26T21:00:00Z,10751.5
2026-09-26T22:00:00Z,10799.9
2026-09-26T23:00:00Z,10904.5
2026-09-27T00:00:00Z,10924.7
2026-09-27T01:00:00Z,10594.0
2026-09-27T02:00:00Z,10510.1
2026-09-27T03:00:00Z,10889.4
2026-09-27T04:00:00Z,10786.9
2026-09-27T05:00:00Z,10808.3
2026-09-27T06:00:00Z,10482.8
2026-09-27T07:00:00Z,10745.9
2026-09-27T08:00:00Z,10777.1
2026-09-27T09:00:00Z,10499.3
2026-09-27T10:00:00Z,10828.7
2026-09-27T11:00:00Z,10879.4
2026-09-27T12:00:00Z,10895.7
2026-09-27T13:00:00Z,10981.0
2026-09-27T14:00:00Z,11012.3
2026-09-27T15:00:00Z,11430.7
2026-09-27T16:00:00Z,10846.7
2026-09-27T17:00:00Z,11173.6
2026-09-27T18:00:00Z,11278.3
2026-09-27T19:00:00Z,11158.3
2026-09-27T20:00:00Z,11037.0
2026-09-27T21:00:00Z,10967.1
2026-09-27T22:00:00Z,11252.1
2026-09-27T23:00:00Z,11014.1
2026-09-28T00:00:00Z,11257.9
2026-09-28T01:00:00Z,11116.4
2026-09-28T02:00:00Z,10901.5
2026-09-28T03:00:00Z,11090.1
2026-09-28T04:00:00Z,11351.7
2026-09-28T05:00:00Z,11280.0
2026-09-28T06:00:00Z,10723.8
2026-09-28T07:00:00Z,11210.6
2026-09-28T08:00:00Z,11134.3
2026-09-28T09:00:00Z,11052.0
2026-09-28T10:00:00Z,11183.5
2026-09-28T11:00:00Z,11394.5
2026-09-28T12:00:00Z,11170.2
2026-09-28T13:00:00Z,11208.4
2026-09-28T14:00:00Z,11307.9
2026-09-28T15:00:00Z,11493.1
2026-09-28T16:00:00Z,11189.7
2026-09-28T17:00:00Z,11015.7
2026-09-28T18:00:00Z,4566.7
2026-09-28T19:00:00Z,4729.3
2026-09-28T20:00:00Z,4550.9
2026-09-28T21:00:00Z,4839.0
2026-09-28T22:00:00Z,4775.7
2026-09-28T23:00:00Z,4906.3
2026-09-29T00:00:00Z,11055.1
2026-09-29T01:00:00Z,11276.7
2026-09-29T02:00:00Z,11226.3
2026-09-29T03:00:00Z,11338.0
2026-09-29T04:00:00Z,11311.6
2026-09-29T05:00:00Z,10808.6
2026-09-29T06:00:00Z,10914.2
2026-09-29T07:00:00Z,11195.0
2026-09-29T08:00:00Z,10939.8
2026-09-29T09:00:00Z,11080.2
2026-09-29T10:00:00Z,10822.4
2026-09-29T11:00:00Z,11276.4
2026-09-29T12:00:00Z,11325.7
2026-09-29T13:00:00Z,10972.8
2026-09-29T14:00:00Z,11512.4
2026-09-29T15:00:00Z,11117.1
2026-09-29T16:00:00Z,11045.1
2026-09-29T17:00:00Z,11382.2
2026-09-29T18:00:00Z,11311.4
2026-09-29T19:00:00Z,11089.7
2026-09-29T20:00:00Z,10962.6
2026-09-29T21:00:00Z,11016.1
2026-09-29T22:00:00Z,11036.0
2026-09-29T23:00:00Z,11143.2
2026-09-30T00:00:00Z,11225.6
2026-09-30T01:00:00Z,10934.0
2026-09-30T02:00:00Z,10779.7
2026-09-30T03:00:00Z,11051.8
2026-09-30T04:00:00Z,10860.1
2026-09-30T05:00:00Z,11029.3
2026-09-30T06:00:00Z,11000.0
2026-09-30T07:00:00Z,11160.3
2026-09-30T08:00:00Z,11153.5
2026-09-30T09:00:00Z,11021.1
2026-09-30T10:00:00Z,11177.8
2026-09-30T11:00:00Z,11150.6
2026-09-30T12:00:00Z,11195.1
2026-09-30T13:00:00Z,11324.0
2026-09-30T14:00:00Z,10909.6
2026-09-30T15:00:00Z,11195.0
2026-09-30T16:00:00Z,11055.8
2026-09-30T17:00:00Z,11344.3
2026-09-30T18:00:00Z,11288.8
2026-09-30T19:00:00Z,11298.0
2026-09-30T20:00:00Z,11247.5
2026-09-30T21:00:00Z,11336.7
2026-09-30T22:00:00Z,11127.5
2026-09-30T23:00:00Z,11564.7
2026-10-01T00:00:00Z,11578.2
2026-10-01T01:00:00Z,10969.9
2026-10-01T02:00:00Z,10905.7
2026-10-01T03:00:00Z,11152.3
2026-10-01T04:00:00Z,10843.0
2026-10-01T05:00:00Z,10974.4
2026-10-01T06:00:00Z,11034.5
2026-10-01T07:00:00Z,11119.5
2026-10-01T08:00:00Z,10814.8
2026-10-01T09:00:00Z,11276.8
2026-10-01T10:00:00Z,10843.6
2026-10-01T11:00:00Z,11231.6
2026-10-01T12:00:00Z,11055.9
2026-10-01T13:00:00Z,11285.8
2026-10-01T14:00:00Z,11097.1
2026-10-01T15:00:00Z,11131.8
2026-10-01T16:00:00Z,11022.9
2026-10-01T17:00:00Z,11509.1
2026-10-01T18:00:00Z,10885.4
2026-10-01T19:00:00Z,11257.5
2026-10-01T20:00:00Z,11157.1
2026-10-01T21:00:00Z,11130.8
2026-10-01T22:00:00Z,10982.0
2026-10-01T23:00:00Z,11277.7
2026-10-02T00:00:00Z,10897.0
2026-10-02T01:00:00Z,11253.6
2026-10-02T02:00:00Z,10936.9
2026-10-02T03:00:00Z,11200.9
2026-10-02T04:00:00Z,11160.5
2026-10-02T05:00:00Z,10941.4
2026-10-02T06:00:00Z,10989.2
2026-10-02T07:00:00Z,11180.2
2026-10-02T08:00:00Z,10906.1
2026-10-02T09:00:00Z,11374.2
2026-10-02T10:00:00Z,11126.3
2026-10-02T11:00:00Z,10846.0
2026-10-02T12:00:00Z,11123.7
2026-10-02T13:00:00Z,11300.8
2026-10-02T14:00:00Z,11158.1
2026-10-02T15:00:00Z,11284.3
2026-10-02T16:00:00Z,11127.6
2026-10-02T17:00:00Z,11443.8
2026-10-02T18:00:00Z,11240.4
2026-10-02T19:00:00Z,11256.9
2026-10-02T20:00:00Z,11256.2
2026-10-02T21:00:00Z,11400.4
2026-10-02T22:00:00Z,10818.2
2026-10-02T23:00:00Z,10674.8
2026-10-03T00:00:00Z,10759.7
2026-10-03T01:00:00Z,11311.2
2026-10-03T02:00:00Z,10968.4
2026-10-03T03:00:00Z,10967.7
2026-10-03T04:00:00Z,10707.2
2026-10-03T05:00:00Z,10954.4
2026-10-03T06:00:00Z,10694.3
2026-10-03T07:00:00Z,10696.8
2026-10-03T08:00:00Z,10840.8
2026-10-03T09:00:00Z,10729.5
2026-10-03T10:00:00Z,11041.5
2026-10-03T11:00:00Z,10368.4
2026-10-03T12:00:00Z,10926.5
2026-10-03T13:00:00Z,10789.7
2026-10-03T14:00:00Z,10839.2
2026-10-03T15:00:00Z,10740.1
2026-10-03T16:00:00Z,10940.1
2026-10-03T17:00:00Z,11426.1
2026-10-03T18:00:00Z,10887.8
2026-10-03T19:00:00Z,10987.1
2026-10-03T20:00:00Z,11025.6
2026-10-03T21:00:00Z,11112.0
2026-10-03T22:00:00Z,11086.3
2026-10-03T23:00:00Z,10896.4
2026-10-04T00:00:00Z,10942.7
2026-10-04T01:00:00Z,10911.2
2026-10-04T02:00:00Z,10664.0
2026-10-04T03:00:00Z,10699.7
2026-10-04T04:00:00Z,10961.6
2026-10-04T05:00:00Z,10718.5
2026-10-04T06:00:00Z,11047.3
2026-10-04T07:00:00Z,10992.4
2026-10-04T08:00:00Z,10735.6
2026-10-04T09:00:00Z,10290.7
2026-10-04T10:00:00Z,10913.1
2026-10-04T11:00:00Z,11184.7
2026-10-04T12:00:00Z,10813.1
2026-10-04T13:00:00Z,10911.4
2026-10-04T14:00:00Z,11033.2
2026-10-04T15:00:00Z,11185.4
2026-10-04T16:00:00Z,10888.7
2026-10-04T17:00:00Z,11157.9
2026-10-04T18:00:00Z,11179.4
2026-10-04T19:00:00Z,11094.2
2026-10-04T20:00:00Z,11138.1
2026-10-04T21:00:00Z,10871.2
